{
  "images" : [
    {
      "resizing" : {
        "mode" : "9-part",
        "center" : {
          "mode" : "tile",
          "width" : 7,
          "height" : 19
        },
        "cap-insets" : {
          "bottom" : 5,
          "top" : 5,
          "right" : 5,
          "left" : 5
        }
      },
      "idiom" : "universal",
      "filename" : "bg_text_field_mono_light_gray_boarder.png",
      "scale" : "1x"
    },
    {
      "resizing" : {
        "mode" : "9-part",
        "center" : {
          "mode" : "tile",
          "width" : 12,
          "height" : 38
        },
        "cap-insets" : {
          "bottom" : 10,
          "top" : 10,
          "right" : 11,
          "left" : 11
        }
      },
      "idiom" : "universal",
      "filename" : "bg_text_field_mono_light_gray_boarder@2x.png",
      "scale" : "2x"
    },
    {
      "idiom" : "universal",
      "scale" : "3x"
    }
  ],
  "info" : {
    "version" : 1,
    "author" : "xcode"
  }
}